{
  "assetsByChunkName": {
    "vendors~app-account~app-confirmation~app-order": "chunk.a6049589bed3b80bbeca.js",
    "vendors~app-account~app-checkout": "chunk.e6e21ad6885a1b23535d.js",
    "vendors~app-cart~app-checkout": "chunk.478b7b98b4befcf8cad6.js",
    "admin": [
      "admin.0e2f008d9d667be53208.js",
      "admin.0e2f008d9d667be53208.js.map"
    ],
    "app-account": "chunk.d13d47ba71a6b68c538d.js",
    "app-cart": "chunk.d6795103cf5c62437bda.js",
    "app-checkout": "chunk.a637d975575f30c06213.js",
    "app-confirmation": "chunk.71f53ae485cb8419edd8.js",
    "app-order": "chunk.07d21358e8f554dfb726.js",
    "checkout": [
      "checkout.7e7d02bee71a20809c05.js",
      "checkout.7e7d02bee71a20809c05.js.map"
    ],
    "storefront": [
      "storefront.2f32e3abaea613161568.css",
      "storefront.01052bb62be9300eda2e.js",
      "storefront.2f32e3abaea613161568.css.map",
      "storefront.01052bb62be9300eda2e.js.map"
    ],
    "vendors~app-cart": "chunk.ac6984d3d33b4b195c1d.js",
    "vendors~app-checkout": "chunk.a91223537193b6d27260.js"
  }
}