{
  "meta_title": "",
  "meta_description": "",
  "sections": [
    {
      "type": "responsive-banner",
      "img": "/img/uploads/header.png"
    },
    {
      "type": "banners-grid",
      "banners": [
        {
          "img": "/img/uploads/mb01.png"
        },
        {
          "img": "/img/uploads/mb02.png"
        }
      ]
    },
    {
      "type": "collection-shelf",
      "shuffle": true,
      "limit": 8,
      "page": 1,
      "title": "[small]consumo intencional[/small]peças que duram"
    },
    {
      "type": "custom-html",
      "html": "[alpix]look[/alpix]"
    },
    {
      "type": "custom-html",
      "html": "[alpix]instafeed[/alpix]"
    },
    {
      "type": "custom-html",
      "html": "[alpix]iconbar[/alpix]"
    }
  ]
}